Saved Date,Job Url,Job Title,Company Name
"8/29/22, 6:35 AM",http://www.linkedin.com/jobs/view/3225624681,Data Scientist I or II,Truist
"8/15/22, 9:42 AM",http://www.linkedin.com/jobs/view/3213158588,"Research Internship, NLP (Fall 2022)",Dataminr
"8/29/22, 6:36 AM",http://www.linkedin.com/jobs/view/3232165825,Data Science Co-op (Spring 2023 Semester - January Start),Emerson
"8/23/22, 1:32 PM",http://www.linkedin.com/jobs/view/3222949827,Global Technology (Data Science and Analytics) Co-op / Internship,The Goodyear Tire & Rubber Company
"9/7/22, 2:40 PM",http://www.linkedin.com/jobs/view/3258423106,Jr. Data Scientist,PRO Unlimited
"8/23/22, 2:02 PM",http://www.linkedin.com/jobs/view/3230004741,Machine Learning Research Intern/Co-Op,AMD
"8/29/22, 6:34 AM",http://www.linkedin.com/jobs/view/3198545430,Data Scientist,Avanade
"8/15/22, 6:06 PM",http://www.linkedin.com/jobs/view/3215496468,Machine Learning Engineer - Early in Career,Splunk
"8/29/22, 6:32 AM",http://www.linkedin.com/jobs/view/3224271905,DATA Scientist,Dice
"9/8/22, 3:56 PM",http://www.linkedin.com/jobs/view/3260457835,Junior Data Scientist,New Balance
"8/29/22, 6:34 AM",http://www.linkedin.com/jobs/view/3222754543,"Software Engineer, Campus, Early Career",Cadence Design Systems
"5/29/22, 10:48 AM",http://www.linkedin.com/jobs/view/3078670846,Data Science Intern,Faire
"8/29/22, 6:31 AM",http://www.linkedin.com/jobs/view/3241050352,2023 University Graduate - Software Development Engineer 1,Adobe
"8/25/22, 7:39 AM",http://www.linkedin.com/jobs/view/3237056056,Software Engineer I (Intern) United States,Cisco
"7/27/22, 9:39 AM",http://www.linkedin.com/jobs/view/3170385768,Entry Level Data Scientist (Remote),SynergisticIT
"8/29/22, 6:36 AM",http://www.linkedin.com/jobs/view/3223106049,Data Scientist I,Bank of America
"8/24/22, 10:47 AM",http://www.linkedin.com/jobs/view/2148419281,Junior Data Scientist,ARA
"9/7/22, 2:41 PM",http://www.linkedin.com/jobs/view/3257380516,Junior Data Scientist,LMI
"8/23/22, 3:35 PM",http://www.linkedin.com/jobs/view/3228375569,Data Scientist Consultant,Explore Job Search
"8/23/22, 3:55 PM",http://www.linkedin.com/jobs/view/3220814996,Junior Data Scientist ,Putnam 
"8/29/22, 6:30 AM",http://www.linkedin.com/jobs/view/3216574765,Data Scientist,Continental Finance Company
"7/13/22, 11:21 AM",http://www.linkedin.com/jobs/view/3166631266,"Intern, Python Developer (L/S Equities Consumer Team) - Fall Internship",Balyasny Asset Management L.P.
"7/27/22, 9:39 AM",http://www.linkedin.com/jobs/view/3158463021,Research Engineer (Python),AssemblyAI
"8/25/22, 7:39 AM",http://www.linkedin.com/jobs/view/3237306199,Machine Learning Intern (January 2023),Cohere
"8/25/22, 7:38 AM",http://www.linkedin.com/jobs/view/3236860520,Machine Learning Intern,Chubb
"8/29/22, 6:30 AM",http://www.linkedin.com/jobs/view/3190461668,Jr. Data Scientist,Parsons Corporation
"8/15/22, 9:42 AM",http://www.linkedin.com/jobs/view/3212391899,Data Engineer (Intern) - United States,Cisco
"9/7/22, 2:42 PM",http://www.linkedin.com/jobs/view/3257813284,AI/Machine Learning Engineer,Lockheed Martin
"8/24/22, 10:48 AM",http://www.linkedin.com/jobs/view/3228628942,Jr Data Scientist,Leidos
"8/29/22, 6:33 AM",http://www.linkedin.com/jobs/view/3205694755,Data Scientist.,Dartmouth College
"8/15/22, 9:41 AM",http://www.linkedin.com/jobs/view/3217164085,Data Science Co-Op- Fall 2022,Otis Elevator Co.
"9/7/22, 2:41 PM",http://www.linkedin.com/jobs/view/3257343950,Data Scientist - Machine Learning Engineer,Cigna
"8/22/22, 7:32 AM",http://www.linkedin.com/jobs/view/3147706374,Data Science Developer,"CPS, Inc."
"8/24/22, 5:51 PM",http://www.linkedin.com/jobs/view/3234956886,"Data Engineer, Machine Learning",Proofpoint
"8/29/22, 6:32 AM",http://www.linkedin.com/jobs/view/3237260310,Data Scientist,CVS Health
