Date,Link,Message
2022-09-08 18:34:12,https://www.linkedin.com/feed/update/urn%3Ali%3AgroupPost%3A6744146-6973703975376154624,Yes pls!
2022-08-27 21:53:04,https://www.linkedin.com/feed/update/urn%3Ali%3Aactivity%3A6969031097334599680,Thank you anu ‚ò∫Ô∏è
2022-08-25 14:37:19,https://www.linkedin.com/feed/update/urn%3Ali%3Aactivity%3A6967923518042779648,Thank you Anu!
2022-08-25 14:37:09,https://www.linkedin.com/feed/update/urn%3Ali%3Aactivity%3A6967923518042779648,Thank you Zehra!
2022-03-29 15:55:59,https://www.linkedin.com/feed/update/urn%3Ali%3Aactivity%3A6914376868481617920,Thank you so much!
2020-08-18 16:21:52,https://www.linkedin.com/feed/update/urn%3Ali%3AugcPost%3A6697783642455973889,Not yet! But will doo soon ü§≤üèª
2020-06-08 08:11:20,https://www.linkedin.com/feed/update/urn%3Ali%3Aactivity%3A6675601402687033344,Yes

2020-06-07 05:23:35,https://www.linkedin.com/feed/update/urn%3Ali%3Aactivity%3A6675247194993512448,"Thank you Fatima! It will include basic social media features such as Friends, Messaging, Notifications, Settings etc with extra features such as Coding to share particular codes on your profile and Communities in order to join different communities of your preference. "
2020-06-07 04:01:34,https://www.linkedin.com/feed/update/urn%3Ali%3Aactivity%3A6673444167215120384,Thank you Samira!
2020-05-19 19:52:47,https://www.linkedin.com/feed/update/urn%3Ali%3Aactivity%3A6668390968791855104,Thank you‚ù§Ô∏è
2020-05-19 19:52:34,https://www.linkedin.com/feed/update/urn%3Ali%3Aactivity%3A6668390968791855104,Thank you !
2020-05-19 19:52:25,https://www.linkedin.com/feed/update/urn%3Ali%3Aactivity%3A6668390968791855104,Will do! Thank you for the suggestion.
2020-04-30 16:20:02,https://www.linkedin.com/feed/update/urn%3Ali%3Aactivity%3A6661557208687476736,I will surely share the code on github once I'm done.
2020-04-21 06:30:45,https://www.linkedin.com/feed/update/urn%3Ali%3Aactivity%3A6656555419030388737,Great work!
2019-09-22 06:50:39,https://www.linkedin.com/feed/update/urn%3Ali%3Aactivity%3A6577733477318385665,Congrats Hanin
