Organization,Followed On
Dover Corporation,Tue Aug 30 14:33:11 UTC 2022
"Trinity Industries, Inc.",Tue Aug 30 00:25:12 UTC 2022
TruWeather Solutions,Wed Aug 24 14:36:36 UTC 2022
Langan Engineering & Environmental Services,Tue Aug 23 23:17:49 UTC 2022
directlink,Tue Aug 23 22:04:26 UTC 2022
Blend360,Mon Aug 22 18:02:27 UTC 2022
Hays,Wed Aug 17 17:24:37 UTC 2022
The Phoenix Group,Tue Aug 16 17:11:16 UTC 2022
Insight Global,Tue Aug 16 17:10:19 UTC 2022
Wood Mackenzie,Mon Aug 15 22:20:22 UTC 2022
Pure Storage,Mon Aug 15 22:18:50 UTC 2022
Quantitative Systems,Mon Aug 15 22:13:11 UTC 2022
Braintrust,Mon Aug 15 18:01:54 UTC 2022
Analytic Recruiting Inc.,Mon Aug 15 18:00:51 UTC 2022
DoorDash,Mon Aug 15 17:59:37 UTC 2022
OrbitJobs.Org,Mon Aug 15 17:53:45 UTC 2022
Yellow,Fri Aug 05 23:38:17 UTC 2022
Intelletec,Fri Aug 05 23:37:41 UTC 2022
HCL Technologies,Fri Aug 05 23:35:52 UTC 2022
Harnham,Fri Aug 05 23:35:10 UTC 2022
MyDataProduct,Fri Aug 05 23:34:34 UTC 2022
"Pyramid Consulting, Inc",Fri Aug 05 23:34:10 UTC 2022
NYU Grossman School of Medicine,Fri Aug 05 23:33:34 UTC 2022
"KellyMitchell Group, Inc",Fri Aug 05 23:32:45 UTC 2022
Newlin Ventures,Wed Aug 03 19:35:17 UTC 2022
Trajectory Global,Tue Aug 02 01:49:07 UTC 2022
Copart,Fri Jul 29 15:25:27 UTC 2022
Bank of America,Fri Jul 29 15:24:17 UTC 2022
Power Digital Marketing,Fri Jul 29 02:34:07 UTC 2022
Dataminr,Fri Jul 29 02:33:31 UTC 2022
Innovation Works,Fri Jul 29 02:29:27 UTC 2022
Syntiant Corp.,Fri Jul 29 02:28:51 UTC 2022
MarsX Talent Solutions,Fri Jul 29 02:27:56 UTC 2022
Tata Consultancy Services,Sat Jul 16 00:45:10 UTC 2022
TEKtalent Inc,Sat Jul 16 00:42:58 UTC 2022
Marqeta,Fri Jul 15 00:23:52 UTC 2022
Prairie Consulting Services,Tue Jul 12 19:12:41 UTC 2022
Bose Corporation,Tue Jul 12 19:11:46 UTC 2022
Trusli,Tue Jul 12 19:11:02 UTC 2022
LinkedIn,Tue Jul 12 02:55:36 UTC 2022
WestCap,Tue Jul 12 02:54:22 UTC 2022
Alkymi,Mon Jul 11 21:03:18 UTC 2022
Prodware Solutions,Mon Jul 11 21:01:44 UTC 2022
OrbiSky Systems: Space and Data,Mon Jul 11 21:00:17 UTC 2022
Huxley,Mon Jul 11 15:47:02 UTC 2022
Ecogy Energy,Mon Jun 27 19:39:02 UTC 2022
CyberCoders,Sun Jun 26 16:10:34 UTC 2022
Bayes Invest,Fri Jun 10 16:06:20 UTC 2022
Argo AI,Fri Apr 22 17:11:04 UTC 2022
Alation,Thu Mar 24 18:03:55 UTC 2022
RM Square,Mon Mar 07 15:28:55 UTC 2022
Everest.Ltd,Mon Mar 07 15:28:36 UTC 2022
RM Talent Solutions,Mon Mar 07 15:27:36 UTC 2022
EVERESTX,Mon Mar 07 15:26:40 UTC 2022
AI Camp,Mon Feb 28 01:14:25 UTC 2022
Van Metre Companies,Tue Jan 25 00:27:14 UTC 2022
BenevolentAI,Fri Jan 21 19:20:05 UTC 2022
Arena Auctioneers Sdn Bhd,Sat Jan 08 19:14:54 UTC 2022
moria funds,Sat Jan 08 19:14:48 UTC 2022
Syracuse University,Tue Jan 04 17:59:19 UTC 2022
Accenture,Mon Sep 28 20:00:07 UTC 2020
PETRONAS,Tue Apr 21 06:34:19 UTC 2020
BASSnet,Sun Sep 29 04:45:05 UTC 2019
Razer Malaysia,Sun Sep 29 04:40:31 UTC 2019
Randstad Malaysia,Sun Sep 29 04:39:43 UTC 2019
OIC International,Thu Jun 07 08:39:30 UTC 2018
IQVIA,Fri Jun 01 15:51:03 UTC 2018
Strateq Group Of Companies,Fri Jun 01 15:46:30 UTC 2018
BT,Thu May 24 16:30:42 UTC 2018
Jotform,Thu May 24 16:26:46 UTC 2018
Acestar Sdn Bhd,Tue May 22 15:40:27 UTC 2018
Entertop Sdn Bhd,Tue May 22 15:39:43 UTC 2018
Accenture Turkey,Tue May 22 15:36:06 UTC 2018
SDL Language Solutions,Thu May 10 12:01:15 UTC 2018
SDL,Tue May 08 03:36:29 UTC 2018
Kapital.my,Sat May 05 10:58:07 UTC 2018
NMQ Digital,Sat May 05 10:20:10 UTC 2018
Fusionex Group,Sat May 05 10:10:05 UTC 2018
Polaris Net Sdn. Bhd.,Fri Apr 20 03:37:04 UTC 2018